<application>
  <component name="UISettings">
    <option name="compactTreeIndents" value="true" />
    <option name="MAX_LOOKUP_WIDTH2" value="1000" />
    <option name="OPEN_IN_PREVIEW_TAB_IF_POSSIBLE" value="true" />
    <option name="OVERRIDE_NONIDEA_LAF_FONTS" value="true" />
    <option name="SHOW_NAVIGATION_BAR" value="false" />
    <option name="showTreeIndentGuides" value="true" />
    <option name="SORT_LOOKUP_ELEMENTS_LEXICOGRAPHICALLY" value="true" />
    <option name="CONTRAST_SCROLLBARS" value="true" />
  </component>
</application>