<application>
  <component name="CodeInsightSettings">
    <option name="REFORMAT_ON_PASTE" value="1" />
    <option name="INDENT_TO_CARET_ON_PASTE" value="true" />
  </component>
  <component name="EditorSettings">
    <option name="languageBreadcrumbsMap">
      <map>
        <entry key="Python" value="true" />
      </map>
    </option>
    <option name="IS_FOLDING_OUTLINE_SHOWN" value="false" />
    <option name="SHOW_BREADCRUMBS" value="false" />
    <option name="IS_WHEEL_FONTCHANGE_ENABLED" value="true" />
  </component>
</application>