<application>
  <component name="MaterialThemeConfig">
    <option name="pristineConfig" value="false" />
    <option name="useMaterialFont2" value="true" />
    <option name="settingsSelectedTab" value="2" />
    <option name="tabsHeight" value="20" />
    <option name="accentColor" value="3d3d3d" />
    <option name="selectedTheme" value="NATIVE" />
    <option name="userId" value="383db1b1:183a489cd3a:-8000" />
    <option name="version" value="7.13.1" />
    <option name="uiFont" value="MesloLGS NF" />
    <option name="showWhatsNew" value="false" />
  </component>
</application>